{"accuracy": 0.8, "auc": 0.8694196428571429, "f1": 0.793103448275862}