{"accuracy": 0.7555555555555555, "auc": 0.8521825396825398, "f1": 0.7317073170731706}